<?xml version="1.0" encoding="UTF-8"?>
<!DOCTYPE mapper PUBLIC "-//mybatis.org//DTD Mapper3.0//EN"
        "http://mybatis.org/dtd/mybatis-3-mapper.dtd">
<mapper namespace="com.example.demo01.dao.User.UserMapper">

    <insert id="addUser" parameterType="map">
        INSERT into `user`(LoginName,LoginPassword) values (#{LoginName},#{LoginPassword})
    </insert>

    <select id="UserLogin" parameterType="string" resultType="map">
        select LoginName,LoginPassword from user where LoginName = #{LoginName} limit 1
    </select>
    
    <update id="UpdateUserInfo" parameterType="map">
        UPDATE `user` set
        LoginName = #{LoginName},
        LoginPassword = #{LoginPassword}
        where id = #{id}
    </update>

    <delete id="DeleteUserInfo" parameterType="string">
        delete * from user where id = #{id}
    </delete>
</mapper>